144043,"4.099,99",https://www.flanco.ro/combina-frigorifica-beko-rcne720e30dxpn-neo-frost-586-l-clasa-f.html
144043,"4.099,99",https://www.flanco.ro/combina-frigorifica-beko-rcne720e30dxpn-neo-frost-586-l-clasa-f.html
144043,"4.099,99",15/12/2021 16:20:42,https://www.flanco.ro/combina-frigorifica-beko-rcne720e30dxpn-neo-frost-586-l-clasa-f.html
144043,"4.099,99",2021/12/15/ 16:22:12,https://www.flanco.ro/combina-frigorifica-beko-rcne720e30dxpn-neo-frost-586-l-clasa-f.html
144043,"4.099,99",2021/12/15 16:22:44,https://www.flanco.ro/combina-frigorifica-beko-rcne720e30dxpn-neo-frost-586-l-clasa-f.html
144043,"4.099,99",2021/12/15 16:24:42,https://www.flanco.ro/combina-frigorifica-beko-rcne720e30dxpn-neo-frost-586-l-clasa-f.html
144043,"4.099,99",2021/12/15 16:25:38,https://www.flanco.ro/combina-frigorifica-beko-rcne720e30dxpn-neo-frost-586-l-clasa-f.html
144043,"4.099,99",2021/12/15 16:35:11,https://www.flanco.ro/combina-frigorifica-beko-rcne720e30dxpn-neo-frost-586-l-clasa-f.html
144043,"4.099,99",2021/12/15 16:41:00,https://www.flanco.ro/combina-frigorifica-beko-rcne720e30dxpn-neo-frost-586-l-clasa-f.html
144043,"4.099,99",2021/12/15 16:50:16,https://www.flanco.ro/combina-frigorifica-beko-rcne720e30dxpn-neo-frost-586-l-clasa-f.html
144043,"4.099,99",2021/12/15 16:51:18,https://www.flanco.ro/combina-frigorifica-beko-rcne720e30dxpn-neo-frost-586-l-clasa-f.html
144043,"4.099,99",2021/12/15 16:52:13,https://www.flanco.ro/combina-frigorifica-beko-rcne720e30dxpn-neo-frost-586-l-clasa-f.html
144043,"4.099,99",2021/12/15 16:55:13,https://www.flanco.ro/combina-frigorifica-beko-rcne720e30dxpn-neo-frost-586-l-clasa-f.html
144043,"4.099,99",2021/12/16 01:25:22,https://www.flanco.ro/combina-frigorifica-beko-rcne720e30dxpn-neo-frost-586-l-clasa-f.html
144043,"4.099,99",2021/12/16 01:27:15,https://www.flanco.ro/combina-frigorifica-beko-rcne720e30dxpn-neo-frost-586-l-clasa-f.html
144043,"4.099,99",2021/12/16 01:34:34,https://www.flanco.ro/combina-frigorifica-beko-rcne720e30dxpn-neo-frost-586-l-clasa-f.html
144043,"4.099,99",2021/12/16 03:19:31,https://www.flanco.ro/combina-frigorifica-beko-rcne720e30dxpn-neo-frost-586-l-clasa-f.html
144043,"4.099,99",2021/12/16 03:42:05,https://www.flanco.ro/combina-frigorifica-beko-rcne720e30dxpn-neo-frost-586-l-clasa-f.html
144043,"4.099,99",2021/12/16 03:46:56,https://www.flanco.ro/combina-frigorifica-beko-rcne720e30dxpn-neo-frost-586-l-clasa-f.html
144043,"4.099,99",2021/12/16 05:28:22,https://www.flanco.ro/combina-frigorifica-beko-rcne720e30dxpn-neo-frost-586-l-clasa-f.html
